label	Group	numOtus	Otu0001	Otu0002	Otu0003	Otu0004	Otu0005	Otu0006	Otu0007	Otu0008	Otu0009	Otu0010	Otu0011	Otu0012	Otu0013	Otu0014	Otu0015	Otu0016	Otu0017	Otu0018	Otu0019	Otu0020	Otu0021	Otu0022	Otu0023	Otu0024	Otu0025	Otu0026	Otu0027	Otu0028	Otu0029	Otu0030	Otu0031	Otu0032	Otu0033	Otu0034	Otu0035	Otu0036	Otu0037	Otu0038	Otu0039	Otu0040	Otu0041	Otu0042	Otu0043	Otu0044	Otu0045	Otu0046	Otu0047	Otu0048	Otu0049	Otu0050	Otu0051	Otu0052	Otu0053	Otu0054	Otu0055	Otu0056	Otu0057	Otu0058	Otu0059	Otu0060	Otu0061	Otu0062	Otu0063	Otu0064	Otu0065	Otu0066	Otu0067	Otu0068	Otu0069	Otu0070	Otu0071	Otu0072	Otu0073	Otu0074	Otu0075	Otu0076	Otu0077	Otu0078	Otu0079	Otu0080	Otu0081	Otu0082	Otu0083	Otu0084	Otu0085	Otu0086	Otu0087	Otu0088	Otu0091
0.06	10CF278a	7110	56	13	39	32	8427	10	3	160	24	3	6	3484	3	0	3	14	6	0	0	13	3544	700	1903	95	351	0	7	1	3	2	2	4	0	0	6164	0	0	1	371	38	0	7	0	0	13	2	3	3	2402	22	1	0	44	0	17	0	0	3	1	0	2	1	5	1	18	0	0	0	1	0	6017	0	0	0	0	0	6	0	0	1672	0	0	7	0	1	0	1	487	0
0.06	11	7110	44	3	4756	5	316	2	0	2	1129	0	7432	2	0	2	1730	3971	0	2	2	4	0	109	4	15	7	4	254	0	0	3	3	0	0	0	0	0	3	0	7	0	226	6497	0	0	0	682	11	1	0	0	0	3	0	1	10	0	0	0	0	0	1	0	1331	0	0	0	1505	2	0	0	0	513	0	0	2	0	497	0	0	0	0	0	0	0	1171	0	0	8	0
0.06	11AA07	7110	14	1	5530	233	19	6215	13	32	0	2	2	67	1	5	36	1	0	0	1	1880	0	2	8	6	1	2251	91	10	4	329	0	0	74	1	2013	1	0	0	11	9	23	1	0	0	0	14	1	0	10	0	3319	0	69	170	38	1370	6	14	8882	0	1	25	0	0	277	0	2	1	0	4	0	3	0	0	0	15	3	0	17	0	0	142	8	0	0	3	0	0	1136
0.06	11CF278b	7110	19	10	12	23	5145	1	18	155	7857	0	2	5722	0	0	264	1	0	0	0	5	3955	276	87	23	443	0	105	0	0	0	0	102	0	1	243	0	2	1	864	10	0	0	0	0	0	2	0	0	8874	0	0	0	6	0	0	0	0	0	12	0	1	0	17	2	4	1	0	0	1	0	30	0	0	0	0	0	0	0	0	140	0	0	0	0	0	0	0	2544	0
0.06	11VP03	7110	525	0	2208	193	178	10	9	4	3	15834	71	23	0	19	1	2	80	4	2	348	0	0	10	7	6	4	656	34	0	11	0	0	3	0	104	38	146	886	20	12	0	1	8	0	0	0	0	0	0	0	1	0	10	1031	1	2886	7	26	5	0	26	33	1	0	633	0	0	0	0	0	0	1402	0	0	0	30	343	0	112	53	0	8	347	0	3	0	0	0	805
0.06	11VP04	7110	27	3	25	688	239	5250	0	6	8	1888	62	4	157	11	23	30	832	2	8	3427	2	34	679	43	42	0	335	83	0	1604	0	0	8	0	3316	8	17	7	14	16	28	0	2	0	0	6	5	0	2	4	3675	0	1043	20	48	26	73	14	64	0	477	26	1	0	1180	0	4	1	0	5	0	928	2	0	8	811	13	0	346	0	0	20	192	0	4	1	0	0	345
0.06	11VP05	7110	132	2	971	56	23	66	31	78	0	22444	580	7	149	0	5	5	1020	0	0	5	8	2	67	12	16	3	812	318	1	15	4	0	4	0	13	3017	83	100	13	5	1	0	0	0	0	3	2	0	0	0	11	0	27	36	1	11	0	101	4	0	7	0	1	0	3	0	0	0	0	0	0	797	2	0	0	32	13	0	29	13	0	4	152	0	66	0	0	0	12
0.06	11VP06	7110	11	14	5250	1914	97	12588	168	224	7	5	2	2652	2	0	437	1	1	0	0	5776	1	0	14	20	2	5072	4	7	0	37	0	2	1	0	5	3	6	0	2	5	3	3	0	0	0	84	0	0	6	0	59	0	102	30	16	491	1	6	1567	0	0	13	0	2	9	120	36	0	1	5	0	29	1	1	0	0	10	0	12	0	0	378	12	0	3	3	0	0	186
0.06	11VP08	7110	14	3	339	12	48	2913	4	241	0	9	78	9	3	0	6	5	24	8	1	834	0	0	109	5	91	27	172	59	2	816	0	0	68	0	9502	9	0	5	0	9	10	0	0	0	0	33	0	0	0	0	1124	0	285	667	62	1211	677	1	39	0	424	73	0	1	2756	0	10	0	0	1	0	717	0	0	0	1901	0	0	112	5	0	343	945	0	0	0	0	0	70
0.06	11VP09	7110	26	7	277	68	21	12329	0	7	0	5	15	2	5	2	7	0	0	4	4	280	0	1	30	8	1	17782	195	44	0	2882	14	0	1060	1	22	0	0	0	3	7	12	2	0	0	0	5	0	8	0	0	99	7	31	149	38	9	13	0	23	2	0	2	1	3	507	414	18	3	0	3	0	6	0	0	1	1	3	0	62	0	3	48	23	0	0	4	0	0	159
0.06	11VP10	7110	16	3	1406	12	251	101	0	1	12	6	15	617	209	2	530	7	2	0	6	209	1	11	1	23	134	61	124	2	1	42	0	0	8	1	7	35	3	0	83	1	0	4	0	0	0	495	20	0	5	0	3348	0	128	70	44	4726	1006	17	112	10555	2	98	2	9	42	2	1033	0	0	0	0	125	0	1	32	29	5	1	204	5	0	2181	126	0	13	0	1	0	39
0.06	11VP11	7110	14	3	439	37	125	20	0	20	2	25868	384	6	292	1	2	23	228	4	0	316	0	2	143	15	3	177	20	97	6	145	0	0	11	1	42	15	144	0	33	54	15	209	0	0	0	44	1	150	0	0	297	0	48	38	1	19	125	15	97	7	50	0	1	1	50	572	61	2	1	1	0	166	0	0	2	538	8	0	142	22	0	4	58	2	15	0	0	0	1
0.06	11VP12	7110	13	1	177	254	35	9327	853	0	0	962	108	3	0	7	2	63	2	1	3	16569	0	3	265	3	4	4	33	9	3	93	0	0	1247	0	264	0	38	0	3	31	2	2	1	0	3	14	0	0	1	0	309	0	22	371	3	238	1720	2	10	0	69	108	0	0	91	18	0	2020	0	1	0	333	0	0	3	277	0	0	188	1	0	148	16	0	0	0	0	0	155
0.06	11VP16	7110	4334	5	277	8	11	1	26	20	1	21474	4	2	1	6	1	0	416	0	4	2	0	0	59	0	3	1	44	12	0	205	0	0	0	0	1	3	277	5	1	0	0	2	3	1	0	2	6	0	0	5	0	0	4	0	0	6	0	37	1	0	3	167	1	0	3	197	0	0	0	0	0	231	8	0	0	1420	0	0	11	0	21	42	24	0	5	0	0	0	152
0.06	12	7110	36	1	1432	6	7731	0	0	2	2469	0	3382	0	2	2	341	1379	10066	0	1	3	4	2373	1	24	3	0	119	1	1	2	0	0	0	1	0	4	3	0	3	0	57	51	0	0	0	1378	2798	42	10	0	1	0	2	0	4	1	0	0	0	2	24	1	628	0	0	0	0	0	0	0	0	480	1	1	0	0	383	0	1	2	0	2	0	0	2	0	0	0	0
0.06	12CF275a	7110	23	8	9	5	476	10	2	554	6	0	5	5	39	1	115	4	31479	13	1	7	4	141	12	8	2	0	42	0	0	0	0	0	0	2	6	2	0	1	1	140	1	7	0	0	0	0	0	2544	3	0	0	0	12	185	9	0	1	0	3	0	0	0	14	0	711	0	0	2	0	0	3	1	0	0	0	0	0	0	3	1	0	0	42	0	0	0	0	1	1
0.06	13	7110	29	1	2793	4	37	0	0	553	18	8	8348	4	9	0	4	16	10	0	0	2	2	5	15049	108	10	0	404	3	4	2	0	0	1	0	0	0	0	0	3	14	0	15	1	1	0	1	48	42	0	0	0	0	5	1	0	0	0	240	0	0	0	1	300	0	0	1	11	0	0	0	0	41	1	0	0	0	526	0	512	0	0	3	0	2	189	0	1	3	0
0.06	13CF275b	7110	32	8	6	16	70	5	0	493	6	0	6	8	832	4	10054	6	2351	2	2	12	2	2205	36	4	5	6	1042	3	2	4	7	0	0	1	5	1	0	0	159	833	0	275	0	0	0	2	0	3675	6	1	0	1	511	6255	273	0	0	0	0	0	1	2	201	1	1336	0	2	1	0	0	0	0	0	1	2	0	3	0	296	3	0	2	187	0	0	0	0	29	0
0.06	14PG292	7110	25	5	6	10	3495	3	0	352	1	0	7	34370	7	0	24	0	41	4	6	2	226	11	2	4	821	6	30	1	0	1	5	0	0	3	0	0	0	0	2	57	0	5	0	0	0	0	0	7	0	0	0	4	0	2	0	0	0	0	0	0	1	2	6	0	2	0	1	0	0	1	2	0	0	0	2	0	0	1	0	0	3	0	0	0	1	0	0	2	0
0.06	15PG292	7110	32	4	1	22	6778	0	0	6388	1518	9	8	185	5909	2	32	4	9	0	2	3	1923	19	7997	18	3267	0	28	203	0	4	0	226	0	2	0	3	5	0	1	88	106	0	0	2	0	0	0	0	0	0	0	0	38	2	177	3	0	0	34	7	6	0	1	0	0	0	3135	0	0	23	0	1	0	1	0	0	19	0	6	0	2	0	5	0	0	0	0	4	0
0.06	16PG298b	7110	9	3	5	73	9694	0	0	3760	1075	6	39	21	5454	2	60	2	8	2	1	33	10706	10	1796	14	5358	0	37	129	3	0	0	44	2	6	0	0	0	0	1	81	88	0	2	0	0	0	0	0	2	0	0	0	2	0	23	0	0	1	24	0	0	2	1	1	0	1	103	0	0	28	0	0	0	0	0	0	22	1	0	0	0	1	0	1	1	0	0	0	0
0.06	17CF357	7110	26	2	9	28404	291	0	0	58	90	0	6	2007	891	2	19	2	20	0	6	4	17	426	1	15	665	0	594	44	1	2	0	1	0	0	1	114	1	0	546	72	0	55	0	0	1	2	0	0	30	0	0	0	35	3	74	1	0	0	1	2	1	0	278	0	0	0	1	0	0	1	0	0	0	4	0	0	98	0	113	0	0	0	237	0	0	0	0	46	0
0.06	183	7110	10238	7	80	2	210	12	1	339	5	0	58	0	41	0	11316	9648	27	9	1	18	0	42	17	19	181	0	260	8	0	0	0	0	0	2	5	0	0	2	95	10	0	10	0	0	0	153	0	7	0	0	1	0	2	0	550	0	1	0	0	0	0	113	0	0	0	0	0	3992	0	5	0	1	1	0	0	1	28	2	0	2	0	2	2	0	0	0	0	0	0
0.06	185	7110	17491	4	143	48	28	2	0	192	7	0	5093	342	887	1	290	1276	7	4	1	11	0	62	205	834	779	5	260	2	0	3	9	17	7	2	0	0	0	0	36	1	0	7	0	0	0	20	0	2239	0	0	0	6	6	3	6	0	0	0	0	0	1	1	3	0	3	2	0	598	0	1	0	1	0	0	40	0	793	0	0	0	1	0	1	0	0	0	0	0	0
0.06	188	7110	37575	6	0	1507	5	0	0	53	2	0	21	0	6	4	17	339	1	0	2	2	0	3	0	3	4	0	9	1	1	9	0	0	0	0	0	4	1	0	0	0	0	0	0	0	0	0	0	0	1	0	0	0	1	0	0	0	0	0	0	1	0	0	0	0	0	0	0	1	0	0	0	0	0	0	0	0	8	0	1	0	0	1	0	0	0	0	0	0	0
0.06	189	7110	2001	7	11	14801	5045	0	0	23	75	10	182	23	257	1	1076	11655	351	3	0	9	4	6	90	75	19	0	280	2	5	0	0	31	272	3	0	0	0	34	29	3	0	0	4	0	0	2174	0	10	36	0	1	0	4	0	112	0	0	0	0	0	0	13	2	0	1	0	44	51	1	1	0	0	0	0	10	1	14	0	4	0	0	0	35	2	1	0	0	0	0
0.06	18CF358	7110	10	4	12	5580	12674	0	0	132	5317	5	2	8433	5	0	2	9	2	1	0	4	3	3628	11	16	920	0	55	85	9	0	0	84	0	0	0	1	0	0	53	17	0	39	1	4	0	0	0	2	6	0	0	0	31	1	71	0	0	0	0	0	0	1	37	0	0	0	0	0	1	15	0	0	0	0	0	0	654	1	3	31	0	0	164	0	1	0	0	0	0
0.06	191	7110	15639	16	163	6471	321	9	12	310	4	3	226	45	281	9	240	2023	13	1	4	20	0	16	1904	92	2	6	1013	13	0	0	0	0	5239	0	12	0	0	0	110	15	0	0	1	0	2	105	0	266	8	0	1	0	23	1	201	3	3	0	2	0	0	27	13	89	5	8	5	20	0	5	0	0	0	0	1	0	197	0	92	0	0	3	308	0	0	0	0	0	0
0.06	192	7110	27588	2	514	1575	38	0	0	143	2	9	282	14	8	3	52	577	1	2	5	2	0	1	17	106	31	0	6175	0	0	0	0	0	49	1	0	4	0	175	6	12	1	1	0	2	0	16	2	13	0	3	0	0	3	0	2	0	0	1	0	0	0	66	5	0	0	0	0	53	0	1	0	0	5	0	1	1	138	0	64	0	0	0	11	0	0	0	0	0	0
0.06	198	7110	6201	11	19744	1770	111	14	9	181	10	4	43	67	118	0	592	918	31	0	0	303	36	45	3854	0	2	0	41	1	0	2	0	0	1111	0	3	0	0	0	31	73	0	1574	0	0	168	28	2	1694	3	0	0	0	6	0	95	0	0	0	0	0	0	115	1	0	0	0	36	1	0	15	4	0	0	1	0	0	64	0	11	0	0	4	7	0	0	0	1	0	1
0.06	19CF359	7110	22	0	9509	44	1716	5	12	106	120	0	866	96	696	8	8	0	4	1	0	6	1	188	2	17	6801	3	1649	10	1	0	0	194	735	3	1	0	0	0	5571	31	2	61	6	0	3	0	0	1	137	0	1	0	1181	1	1673	0	1	0	1	0	1	405	60	0	1	1	1	0	0	4	0	1	0	0	2	0	5	0	6	7	0	0	45	0	0	0	0	2	0
0.06	2	7110	21	4	12137	3	111	3	4	55	610	1	377	0	0	0	4689	4193	824	0	0	0	0	117	7	51	0	0	154	365	0	2	0	0	0	0	2	2	0	0	8	0	1	3512	0	0	0	694	5783	0	0	0	0	1	8	0	9	0	0	1372	0	0	55	0	68	0	0	0	158	0	0	0	1	62	0	0	27	0	28	0	0	9	0	0	0	0	91	0	2	1	0
0.06	20CF360	7110	31	4	14126	44	364	3	1	424	120	5	5868	1296	1824	3	1	2	4	4	2	1	0	218	1	3	1316	0	620	30	0	2	0	1	6	1	0	3	0	0	6427	67	5	933	0	0	4	1	3	0	124	5	1	0	124	2	343	3	0	1	0	5	0	11	98	0	0	0	0	0	0	3	0	1	1	0	0	0	1	0	0	2	0	0	345	0	0	1	0	1	0
0.06	21CF271a	7110	44	14	2873	76	316	12	13	134	496	3	31	36	3799	0	14	2	3144	0	0	24	6	430	11	9391	34	0	290	1781	0	5	1	10	0	0	2	2015	0	0	1046	5	49	6	0	0	13	0	4	3	35	0	0	0	1418	0	31	0	1	77	0	0	0	2	338	606	0	0	1	0	0	59	2	0	0	0	0	0	9	0	0	2362	0	0	9	0	0	0	0	0	0
0.06	22CF271b	7110	13	9	34832	229	9	1	14	4	7	42	2	5	280	0	4	4	43	0	0	136	1	118	1	46	0	1	131	15	0	4	0	0	11	0	3	70	4	3	221	118	10	0	0	0	1	0	0	0	106	0	0	0	1523	1	5	0	0	334	0	0	0	91	124	51	7	0	0	0	0	1	0	0	0	1	0	0	0	0	0	1	0	0	60	0	0	0	0	0	0
0.06	24CF246b	7110	39345	6	6	121	1	5	2	6	1	0	5	1	9	2	4	70	80	7	1	9	2	2	0	0	0	0	1	0	0	0	0	0	0	0	5	5	167	2	0	0	0	0	0	0	1	0	0	0	0	0	0	0	0	0	0	1	0	0	0	0	0	0	0	0	2	0	0	1	0	0	0	0	0	0	0	0	2	1	0	2	0	1	2	0	0	0	0	0	0
0.06	3	7110	8	1	549	2	1060	0	0	4	782	1	2072	28	0	3	14	1059	3	0	3	0	0	317	87	673	0	0	1701	1	0	1	0	0	0	3	0	5829	7	0	47	0	1007	1	0	0	0	2188	3415	0	0	2	0	0	95	0	0	0	0	1593	0	0	1	0	2758	0	1	0	72	0	0	0	0	15	5504	0	3	1	1	0	0	0	0	2	0	0	0	0	0	0	0
0.06	50PG260	7110	22	0	11	0	8161	5	7	5465	3957	2	422	2	1789	14	59	2	12	1	1	10	0	176	520	0	4	5	4	0	1	0	0	0	515	99	3	0	0	0	1	601	2274	0	3	0	12886	0	0	0	0	0	1	0	7	0	2	0	1	0	4	0	1	0	0	2	0	0	0	1	0	715	0	2	0	0	0	0	0	0	0	0	0	16	0	0	0	0	0	0	2
0.06	51PG361	7110	33	2	3	2	11514	1	0	10411	7875	6	388	1	22	5	2	1	2	0	3	3	0	70	3	0	0	0	3	1	0	3	0	0	4	77	0	4	0	0	6	346	5967	0	0	0	123	1	4	0	0	3	2	0	1	0	0	0	0	0	0	0	0	0	2	0	0	0	0	2	0	2453	0	1	3	0	0	0	0	0	0	0	0	0	0	0	0	1	0	0	0
0.06	52PG261a	7110	50	11	20	5	3749	10	13	18242	13166	7	6	15	5	0	97	1	4	0	0	0	2	486	3	375	1	1	1	1	0	2	1	1128	1	470	1	4	1	0	0	117	1103	3	0	0	7	2	0	1	2	0	0	0	2	1	0	0	0	5	0	0	0	0	0	0	0	0	0	0	0	66	2	0	0	1	0	0	0	0	0	2	0	0	0	0	0	0	0	0	0
0.06	53PG261b	7110	23	16	31	7	3371	2	29	22355	10408	0	1	7	5	0	16	1	4	0	0	0	0	241	0	734	2	1	0	3	0	0	0	34	0	994	0	0	4	2	0	234	177	0	0	0	24	2	0	0	4	0	0	0	0	0	0	0	7	0	0	0	1	0	1	0	0	1	0	0	0	90	0	0	0	0	0	0	1	0	0	0	0	0	0	0	0	0	0	1	0
0.06	54PG362	7110	9	6	20	9	1251	16	3	2062	461	2	46	3	5	0	30	10420	14	24	4	2	1	3	161	181	266	0	147	9	0	1	0	6785	10016	4	1	0	1	2	0	1808	15	0	0	0	4	0	0	1	0	0	0	0	74	3	2391	2	4	0	0	0	0	0	306	0	1	0	0	0	0	6	0	0	0	0	0	1	0	2	0	0	0	905	1	0	0	0	0	1	0
0.06	56PG364	7110	25	8	11	3	6885	5	0	311	1947	2	7	7	6	6	324	60	769	7	8	5	4	3730	333	1219	557	3	486	3069	0	7	15	12705	6	1	1	0	0	0	0	2	25	1	0	0	1	0	4	1	0	0	0	4	106	3	26	20	262	0	0	0	0	0	0	0	1	0	0	0	0	1039	0	0	0	0	1	0	0	0	0	0	1	0	1	0	0	0	0	7	0
0.06	57PG365	7110	8	5	2	13	7319	0	0	714	25672	2	4	1	4	4	1261	26	2184	0	9	8	22	4	65	11	462	0	3	12	0	5	0	121	11	0	0	1	2	0	2	10	5	0	0	1	1	3	1	0	1	1	1	0	1	0	34	70	0	0	0	1	0	0	8	0	0	0	0	0	1	20	0	0	0	2	0	0	0	0	0	0	0	1	0	0	0	0	0	0	0
0.06	58PG366	7110	13	4	5	7	758	0	0	2005	1048	23	24	360	235	0	498	21	30	2	1	279	28221	12	129	26	1934	0	33	19	2	2	0	128	5	3	0	0	0	0	0	388	5	0	2	4	26	0	3	0	0	0	0	0	11	0	12	4	0	70	1	0	0	35	8	0	0	3	36	0	0	98	0	1	0	0	0	0	14	0	0	0	0	0	237	0	0	0	0	2	0
0.06	7	7110	263	5	6141	12	138	16	10	1	0	1	3233	2	0	0	1	2	3217	6	0	27	22	88	1493	53	0	1	955	2	1	0	0	0	1	0	3	260	16	0	14	4	0	2	0	0	0	34	7	0	2	0	0	0	1	0	0	0	0	4310	0	1	0	0	433	1	0	0	1	0	1	0	3	109	0	0	3	0	10	0	0	40	0	8	0	0	1725	0	3745	0	0
0.06	8	7110	93	13	3240	9	9	2	25	4	6	1	842	1	1	0	7	0	41	1	0	0	7	1	211	77	1	2	383	0	0	0	0	0	1	1	0	624	11506	3	0	1	0	13	0	0	0	1	0	0	3	0	4	0	2	0	1	19	0	3	0	0	0	0	31	0	0	1	0	0	0	0	7	180	1	0	0	0	0	0	0	136	0	14	0	0	159	0	23	3	0
0.06	8CF356	7110	18	1	6	14598	9789	1	0	664	116	7	17	2	5	2	296	0	1	2	2	0	0	414	197	20	2	1	65	0	1	0	0	0	29	55	0	3	0	0	12	46	1	0	2	0	0	1	0	0	2	11429	0	0	6	0	329	0	0	12	30	0	0	0	13	0	0	0	0	0	0	0	0	0	3	0	0	1	0	0	9	0	0	17	51	0	0	0	0	0	0
0.06	9	7110	133	2	14226	6	167	5	2	0	1	0	5080	0	3	1	6	44	5	5	1	1	0	18	586	8	0	0	203	0	0	0	1	1	0	1	2	0	138	0	4	1	0	173	0	0	0	3	0	39	0	0	0	0	5	1	0	2	1	307	7	0	0	0	564	1	1	0	1	2	0	0	0	0	0	0	0	0	182	2	1	0	0	11	0	0	270	0	0	0	0
0.06	AA01P	7110	21	6	128	971	11	4661	25445	5	3	2	1	3	1	2	1	2	3	6	1	12	0	0	0	1	1	1506	3	2	0	27	2778	0	0	0	1	2	0	0	0	1	3	1	0	0	0	1	2	0	2	0	0	247	0	751	1	0	4	3	1	0	8	1	0	0	117	0	267	0	1	0	2	6	0	27	0	0	0	0	3	1	4	0	0	0	0	0	1	11	406
0.06	AA02P	7110	5	4	7	258	8	2	35223	1	2	0	2	1	1	1	1	0	0	0	0	4	0	1	2	1	0	1732	4	2	0	34	2	0	1	1	1	0	1	1	0	19	1	0	0	0	0	1	0	0	0	1	0	0	18	346	1	0	1	0	0	0	31	0	0	0	122	0	95	0	1	0	0	23	0	457	0	0	0	0	6	0	67	0	1	0	0	0	0	1	37
0.06	AA04P	7110	4	7	18	21	2	30148	8286	4	0	0	4	0	6	0	5	3	8	8	0	3	0	0	1	0	0	57	24	0	0	76	0	2	49	2	8	1	0	1	0	42	0	1	0	0	0	0	0	1	0	0	0	0	28	440	4	2	2	0	0	0	2	0	0	0	75	0	53	1	0	0	0	13	0	21	0	0	1	0	6	0	8	0	0	0	1	0	0	0	37
0.06	AA06P	7110	14	8	3	6	18	5	1	2	2	0	8	5	2	0	5	1	0	0	3	21	0	3	1	21	0	3	1	1	0	4785	19952	2	1	0	0	1	0	0	0	0	5	19	0	1	0	1	0	2	0	0	0	10694	2	40	6	0	0	2	0	0	0	0	0	2	1	0	0	0	0	0	0	7	0	190	1	0	1	0	24	0	2539	0	3	0	0	0	0	577	0
0.06	AA11P	7110	14	9	816	14	14	0	0	361	0	0	236	2	139	0	0	1	6	0	3	1488	0	2	7	164	2	287	391	1068	3	9185	8	0	338	0	20	7614	6358	4	0	43	13	66	0	0	0	1	2	0	0	141	0	9	92	5	43	3	0	243	1	3	4	0	122	88	126	0	0	11	0	0	0	3	0	4434	0	5	45	0	462	21	525	1	58	0	3	0	0	1	0
0.06	AA20P	7110	10	7	13193	11	8	0	4	2	0	5	1901	6	3	0	0	892	0	3	0	9	2	0	2455	122	355	9	258	2310	4	3	0	0	779	2	10	257	14	0	3	3324	64	21	0	0	0	0	0	0	9	0	0	0	351	15	0	0	0	687	99	0	0	1	349	0	0	0	36	0	0	7	0	18	0	0	4	446	28	1	1629	0	0	2	92	0	87	0	0	0	0
0.06	AA22P	7110	12	2	4676	0	5	6	28237	12	1	1	1	0	0	4	0	60	1	0	2	18	0	3	11	0	1	5544	4	26	0	1	1	0	4	0	33	0	1	0	0	87	12	0	2	0	1	0	0	0	0	0	4	0	3	32	5	2	52	0	3	0	30	0	1	0	198	0	27	1	0	0	0	0	0	117	1	0	0	0	10	0	1	25	0	0	0	0	0	0	17
0.06	AA25P	7110	38	14	43	3	7	25447	5353	18	0	3	16	7	1	0	3	5	3	0	0	38	2	0	260	4	0	2	23	82	0	3255	104	0	1	0	20	2	1	0	2	7	47	2	0	0	1	18	2	1	1	0	14	0	2	1	59	0	0	11	0	0	3	0	0	0	17	0	39	0	0	2	1	0	0	276	0	0	0	0	205	2	1291	0	6	0	4	0	2	2	262
0.06	AB199	7110	3862	16	3954	323	300	0	17	186	21	0	288	28	21	0	8968	1271	0	1	0	320	8	125	923	1	201	1	2749	0	0	0	0	20	358	0	0	0	5	8506	28	9	0	156	0	0	34	2351	0	589	3	0	0	0	1645	0	298	0	0	59	11	0	0	194	27	0	0	1	2	8	1	1	0	0	246	0	0	0	25	0	15	0	0	14	44	0	1	0	0	0	0
0.06	AB200	7110	1880	5	14457	57	87	13	5	23	0	0	1031	0	8	0	6381	1549	13	9	1	25	4	1356	97	3	245	0	793	0	0	0	0	0	86	0	4	0	0	6731	458	8	0	6	0	0	11	718	0	207	15	0	1	0	109	0	1167	0	2	70	0	0	0	279	12	2	0	0	194	1	0	3	0	1	81	0	0	0	41	1	3	0	0	7	44	0	0	0	0	0	0
0.06	AB204	7110	24670	6	106	7583	146	0	0	8	1	0	2188	4	123	1	430	85	2	2	2	2444	0	761	11	88	246	6	99	0	0	2	5	0	17	0	0	0	0	8	2	0	0	9	0	0	59	4	0	216	0	0	0	6	5	2	4	0	0	0	0	0	0	36	3	0	0	0	1	1	0	0	0	2	0	0	3	0	37	0	8	1	0	6	1	0	0	0	0	0	0
0.06	AB210	7110	2651	3	582	9039	54	0	0	1313	5	0	4619	36	106	7	260	1686	9	0	9	2826	41	4594	91	52	196	0	1941	2	1	5	0	0	2	1	0	3	2	0	206	23	0	1	0	2	0	840	84	102	5	0	2	0	340	0	18	2	0	0	0	6	0	252	102	1988	0	0	29	8	0	34	0	3	0	2	0	0	238	1258	113	4	1	3	20	0	0	0	0	0	0
0.06	AB211	7110	19739	2	1037	3709	590	0	0	717	8	10	367	81	14	1	578	117	0	3	0	4356	71	121	16	7	91	0	239	1	5	0	0	7	17	2	0	0	1	0	31	13	1	0	1	0	0	105	57	14	0	0	0	0	296	0	958	0	0	0	0	0	0	3032	7	889	0	0	2	1	0	2	0	1	2	0	0	0	12	377	2	0	0	62	14	0	0	0	0	0	0
0.06	CB02tf	7110	10	35218	22	3	141	2	21	2	7	0	631	2	290	0	7	0	0	0	0	0	0	135	1	363	55	1	1	426	117	1	0	0	0	414	0	0	6	1	0	0	421	0	0	0	0	1	0	0	5	0	0	0	0	1	0	0	0	0	0	0	316	0	0	0	0	1	0	0	8	1	0	0	0	1	2	0	0	0	0	0	0	0	0	0	0	701	0	1	0
0.06	CB10tf	7110	9	37500	10	0	38	8	9	0	2	0	76	0	718	0	8	2	8	14	1	0	0	31	1	13	27	0	2	387	50	0	0	0	2	94	1	0	0	3	0	9	168	0	0	0	0	1	12	3	0	0	0	0	1	0	0	0	2	0	0	0	40	0	0	1	4	6	0	1	3	3	0	0	0	0	15	0	0	2	1	0	0	0	0	0	0	0	0	0	0
0.06	CB14tf	7110	17	37141	0	3	131	5	0	0	2	0	20	1	15	2	5	2	2	1	4	4	0	27	0	40	14	7	1	1613	9	3	13	1	1	23	0	0	0	0	0	15	138	1	0	0	0	0	0	1	0	0	0	4	0	2	0	0	0	0	0	0	25	3	0	1	1	31	1	0	27	122	0	0	0	0	22	0	0	0	0	0	2	0	1	0	2	112	0	0	0
0.06	CB16tf	7110	16	19078	2	24	956	0	0	1	20	0	50	2	13592	4	1	2	6	1	1	3	0	40	1	692	34	1	2	1849	1024	6	0	0	1	390	0	8	3	0	0	85	2	0	0	0	0	1	0	0	0	0	1	0	0	0	1	1	2	0	1	2	250	0	0	1	0	12	1	0	567	0	0	0	0	0	1	0	0	0	1	0	1	0	0	0	0	1	0	0	0
0.06	CB20tf	7110	4	34563	3	16	197	0	0	1	4	2	151	9	1585	0	2	2	1	3	0	6	3	259	7	47	92	0	0	26	619	8	0	0	0	1147	0	0	0	0	0	0	45	0	1	2	0	0	0	0	0	0	0	0	2	0	0	0	0	0	1	0	152	0	0	2	0	9	1	0	29	0	0	0	0	3	0	0	0	0	1	0	0	0	0	1	2	162	0	0	0
0.06	CB23tf	7110	9	2458	8	5	5177	43	7	1	61	1	5844	1	1822	5	0	1	0	5	2	8	0	7348	0	1350	501	1	12	1410	2016	0	0	0	1	1656	0	0	0	0	0	0	202	0	2	0	2	0	0	0	0	0	0	0	1	1	1	2	0	0	5	0	3400	0	0	0	1	254	0	1	49	16	0	0	0	0	496	0	0	0	0	0	0	0	51	0	0	29	0	0	1
0.06	CB24tf	7110	23	22587	11	8	902	0	0	1	7	6	1632	3	6052	4	2	0	0	0	1	0	0	411	0	546	47	0	11	924	494	0	0	0	0	757	0	0	0	0	0	547	495	0	0	0	0	1	0	0	0	7	0	0	0	0	1	0	0	0	0	0	375	0	0	0	0	109	0	0	222	3	0	0	2	0	89	0	0	0	0	0	0	0	0	0	0	1726	0	0	0
0.06	CB30tf	7110	17	36372	11	2	985	8	7	1	3	0	20	3	380	0	2	3	0	0	0	0	2	101	3	126	574	0	1	269	195	3	1	1	0	99	8	0	1	0	0	0	0	2	0	0	0	0	1	1	1	0	0	0	0	0	0	0	0	2	0	0	109	0	1	1	0	12	0	0	456	7	1	0	0	0	0	0	0	0	0	1	2	0	0	0	0	3	1	1	0
0.06	CB31ti	7110	12	16398	12	6	218	0	15	1	7	0	182	1	407	0	5	0	0	0	0	1	0	1735	1	2038	147	2	11	1251	57	0	0	0	0	1374	0	0	1	2	0	1067	14	0	0	0	0	0	0	0	7	0	0	0	3	0	0	0	0	0	0	0	167	0	0	0	0	4275	0	0	4023	48	0	0	0	0	6	0	0	0	0	0	0	0	0	0	0	808	0	0	0
0.06	CB32ti	7110	5	2630	10	2	747	16	0	0	0	0	47	0	10394	1	2	3	10	11	1	2	0	32	0	1373	3	0	3	719	5	1	0	1	0	2565	2	0	0	0	0	4639	0	0	0	0	0	1	0	0	0	1	0	0	0	0	0	1	6329	0	0	0	354	0	0	1	0	15	0	1	0	1079	0	0	1	0	0	0	0	2	0	0	0	0	1	0	0	7	0	0	0
0.06	CB35ti	7110	16	85	15	3	779	6	0	0	970	0	4352	2	2739	3	5	15	1	2	4	1	0	7737	0	2833	1284	7	102	1365	968	5	13	1	4	3927	3	0	0	0	0	478	1013	3	0	0	0	0	0	3	1	0	0	4	11	1	0	0	0	0	1	0	1026	2	6	0	0	744	0	0	2	17	0	0	0	1	4465	0	0	0	0	0	3	0	0	0	1	56	0	0	4
0.06	CB36ti	7110	15	4138	1	17	254	0	0	2	1379	0	3399	1	1306	1	0	2	6	0	3	0	0	2296	0	13826	919	0	7	4273	2293	3	0	0	0	1306	1	6	3	0	0	8	2	0	0	0	0	0	1	0	1	3	1	0	1	0	1	3	7	0	0	7	582	0	0	0	0	23	0	0	25	0	0	1	0	5	222	0	1	0	0	0	0	0	0	0	0	140	0	0	0
0.06	CB40ti	7110	2	281	8	12	492	0	0	0	1593	7	6	5	2606	1	0	3	0	0	0	5	2	1	9	568	753	0	0	3490	17792	0	0	0	0	5644	15	0	0	0	0	1	165	0	0	0	0	0	0	0	0	1	0	0	1	0	2	0	2	1	0	0	1050	2	3	0	0	886	0	0	799	0	0	0	0	0	4	0	1	0	0	0	0	0	0	2	0	0	0	0	0
0.06	CF192	7110	32510	0	853	1106	21	0	0	42	1	12	368	29	8	6	12	217	1	1	9	21	0	29	22	72	36	0	2387	0	0	0	0	0	62	0	0	6	0	212	8	5	0	0	2	1	0	4	2	12	0	4	1	0	2	1	1	0	0	0	0	0	1	70	0	0	0	0	0	135	0	13	0	1	3	0	0	0	60	0	147	0	0	0	3	0	0	1	0	0	0
0.06	CF201	7110	38651	7	333	34	6	8	5	6	1	5	165	3	4	0	57	50	4	0	0	85	1	62	4	2	1	1	1	1	0	1	1	0	4	0	0	1	0	27	2	0	0	2	0	0	0	1	3	2	1	0	0	0	1	0	3	0	0	6	0	0	0	1	0	0	0	0	0	0	0	0	2	0	0	0	0	0	33	0	0	0	0	0	2	0	0	0	2	0	0
0.06	CF206	7110	24864	6	28	11271	64	2	15	1153	3	0	117	1	26	0	434	13	1	0	0	6	2	6	55	43	5	0	5	0	1	0	0	1	4	1	0	1	9	4	7	5	1	0	0	0	1	1	0	306	8	0	0	0	14	1	44	0	0	0	0	0	0	204	0	12	0	1	0	0	1	0	0	0	0	0	0	0	0	1	0	0	0	0	1	0	0	1	0	2	0
0.06	CF210	7110	2404	5	1250	6097	55	13	1	1358	0	0	5261	174	61	0	224	914	12	6	2	3904	46	2416	166	60	124	0	1578	0	0	0	0	2	14	1	4	2	0	10	97	38	0	0	0	0	0	649	121	208	22	0	0	0	203	0	3	1	2	0	0	0	0	161	236	2586	1	0	21	0	0	35	0	0	0	0	0	1	301	2905	88	0	0	3	10	0	0	0	0	0	0
0.06	CF211	7110	17920	4	2665	3112	486	3	0	980	1	0	1002	50	16	2	438	112	0	2	3	2735	47	141	22	12	153	0	183	1	2	1	9	9	0	3	0	0	0	8	29	5	0	1	0	0	0	179	117	8	0	0	0	3	246	0	798	0	0	0	0	0	1	2925	4	862	2	0	2	0	0	8	0	2	0	0	2	0	18	499	1	0	1	74	34	0	0	0	0	0	0
0.06	CF213	7110	9523	4	65	20175	87	0	0	1050	3	0	332	1258	28	2	314	245	1770	0	0	483	2	88	4	96	3695	0	85	1	3	8	0	6	0	0	0	2	0	0	12	5	0	0	0	0	0	13	0	0	16	0	0	0	0	0	6	2	0	0	1	2	0	19	0	7	0	0	2	7	0	0	0	0	0	3	1	0	27	0	0	0	0	1	1	0	0	0	0	0	0
0.06	CF215	7110	1014	3	2649	9166	179	0	0	142	12	15	265	3187	65	1	1052	7697	1	1	0	11524	3	12	8	157	1	0	33	0	3	1	0	0	0	2	0	0	0	0	27	0	0	0	2	5	0	279	20	49	0	0	1	0	6	0	213	0	0	142	0	0	0	403	0	768	0	1	36	0	0	0	0	12	0	0	0	0	26	0	3	0	0	0	0	2	44	0	0	0	0
0.06	CF222	7110	36042	1	15	15	16	1	11	453	32	2	374	827	58	6	55	69	1163	0	3	8	0	45	2	58	93	1	30	0	1	0	0	0	0	0	1	0	0	0	0	0	1	0	3	0	0	0	0	8	24	0	2	0	1	1	4	0	2	0	1	0	1	0	0	1	0	0	0	0	0	0	0	0	0	0	0	0	87	0	0	0	0	0	0	0	0	0	0	0	0
0.06	CF227	7110	417	2	8	57	13314	1	0	9372	5099	8	21	5223	282	4	2557	36	563	0	6	4	0	635	0	37	0	0	79	103	0	1	0	990	0	0	0	2	0	0	26	2	2	2	1	0	0	84	1	74	2	4	0	0	0	0	4	0	1	0	0	0	0	2	147	5	1	1	0	0	0	14	0	1	7	0	0	1	4	0	0	0	0	0	0	0	0	0	0	0	0
0.06	CF228	7110	30790	3	46	3150	451	6	4	17	14	5	162	4075	2	0	22	739	19	0	0	3	0	8	2	20	22	0	5	0	0	0	0	0	1	0	1	2	0	0	47	0	0	3	0	0	0	0	2	3	18	0	0	0	1	0	0	20	0	2	0	0	0	2	11	4	0	0	0	0	0	0	2	0	0	0	0	0	2	0	0	0	0	0	0	0	2	0	0	0	0
0.06	CF239	7110	20202	15	212	117	615	3	15	3615	73	0	1438	738	973	165	6524	71	0	118	69	3	8	61	2	1102	2562	1	7	9	7	0	0	51	1	2	0	0	5	2	9	13	0	0	0	0	0	0	0	0	21	0	0	0	2	1	13	1	0	0	0	0	1	0	0	60	0	1	0	0	0	87	0	0	0	0	0	0	4	0	6	0	0	11	0	0	0	1	1	0	0
0.06	H5B3	7110	8	2	10	0	0	4	8	0	0	0	1	0	1	1951	2	6	8	31785	6037	0	0	2	1	0	0	0	0	1	0	0	0	0	1	0	3	0	0	0	0	2	0	0	0	60	0	0	0	0	0	0	1	0	0	0	2	0	1	0	0	0	0	0	0	1	1	0	0	0	0	0	0	0	0	0	0	1	1	1	0	0	0	0	1	1	0	0	0	0	0
0.06	H5B4	7110	8	1	2	0	0	2	2	0	1	0	4	4	1	12951	4	0	0	11513	13980	3	0	2	0	0	0	6	0	0	0	4	6	1	0	0	0	0	0	0	0	0	0	0	14	666	0	0	0	2	0	0	0	2	0	0	1	0	0	0	0	0	0	0	0	0	0	0	0	0	0	0	0	0	0	0	1	0	0	0	0	0	2	0	0	0	1	0	0	1	0
0.06	H5B6	7110	4	4	1	10	2	0	2	0	5	0	2	1	4	13818	1	1	4	660	23392	0	0	0	0	1	2	0	0	0	0	2	0	0	1	0	0	3	2	0	0	0	0	0	2	1838	0	1	0	0	0	0	0	0	1	0	0	1	0	0	0	1	0	0	0	1	0	0	0	0	0	0	0	0	0	0	0	0	1	0	1	0	0	1	0	0	0	0	0	0	0
0.06	H6B4	7110	2	3	0	3	4	0	2	0	2	0	2	2	1	4413	1	3	0	10961	2204	4	5	0	1	0	1	0	1	3	4	0	0	0	0	1	0	0	0	0	0	0	0	1	6066	10053	0	0	0	0	0	0	0	0	0	0	0	0	0	0	0	0	0	0	1	1	0	0	0	0	0	0	0	0	0	0	0	1	0	0	0	0	0	0	0	4624	1	0	0	0	0
0.06	H6B5	7110	8	0	4	1	1	2	11	0	0	0	1	0	0	23804	0	0	1	3602	3878	5	0	0	0	0	0	1	0	0	0	0	0	0	1	1	0	0	0	0	1	0	0	0	5282	1728	0	0	0	0	0	0	3	0	0	0	0	1	0	0	1	0	0	0	0	0	0	0	0	0	0	0	0	0	0	0	0	0	0	0	0	0	0	0	0	12	0	0	0	0	1
0.06	H6B6	7110	16	7	7	3	4	1	7	3	6	6	5	2	2	14331	0	1	0	4888	13636	0	0	0	0	0	1	0	3	0	0	0	0	0	0	1	0	2	0	0	1	0	3	0	4188	1174	0	0	0	0	0	0	1	0	0	0	0	0	0	0	0	0	0	0	0	0	0	0	0	0	0	0	0	2	0	0	0	0	0	0	0	0	0	0	0	48	0	0	0	0	0
